typeid,type,valid,val,enum
1,Cultural Affiliation,657,Northwest Coast, 
1,Cultural Affiliation,1161,Santa Ana Pueblo, 
1,Cultural Affiliation,188,Ancestral Puebloan, 
1,Cultural Affiliation,189,European, 
1,Cultural Affiliation,190,Hispanic, 
1,Cultural Affiliation,191,Mexican, 
1,Cultural Affiliation,192,Native American, 
1,Cultural Affiliation,193,Not Southwest, 
1,Cultural Affiliation,194,Pre-Historic Southwest, 
1,Cultural Affiliation,195,Spanish, 
1,Cultural Affiliation,196,Ute, 
1,Cultural Affiliation,268,Jicarilla Apache, 
1,Cultural Affiliation,1162,Kiowa, 
1,Cultural Affiliation,1157,Nambe Pueblo, 
1,Cultural Affiliation,5,Navajo/Din√©, 
1,Cultural Affiliation,245,Hispanic Southwest, 
1,Cultural Affiliation,480,Isleta Pueblo, 
1,Cultural Affiliation,479,Laguna Pueblo, 
1,Cultural Affiliation,57,Puebloan, 
1,Cultural Affiliation,1348,Haida, 
1,Cultural Affiliation,276,Plains Indian, 
1,Cultural Affiliation,1223,Muscogee, 
1,Cultural Affiliation,1222,Iroquois (Haudenosaunee), 
1,Cultural Affiliation,238,Tibetan, 
1,Cultural Affiliation,1163,Yaqui, 
1,Cultural Affiliation,566,Cherokee, 
1,Cultural Affiliation,275,Lakota, 
1,Cultural Affiliation,1221,Shawnee, 
1,Cultural Affiliation,750,Sisseton-Wahpeton Oyate, 
1,Cultural Affiliation,397,Potayatami, 
1,Cultural Affiliation,1216,Tlingit, 
1,Cultural Affiliation,1217,Shoshone, 
1,Cultural Affiliation,1218,Havasupai, 
1,Cultural Affiliation,1219,Koasati/Coushatta, 
1,Cultural Affiliation,1159,Sandia Pueblo, 
1,Cultural Affiliation,546,Apache, 
1,Cultural Affiliation,274,Zuni Pueblo, 
1,Cultural Affiliation,380,Comanche, 
1,Cultural Affiliation,379,Taos Pueblo, 
1,Cultural Affiliation,378,Picuris Pueblo, 
1,Cultural Affiliation,273,Acoma Pueblo, 
1,Cultural Affiliation,376,Tewa, 
1,Cultural Affiliation,272,San Juan/Okay Owingeh Pueblo, 
1,Cultural Affiliation,547,Santo Domingo Pueblo, 
1,Cultural Affiliation,271,Jemez Pueblo, 
1,Cultural Affiliation,270,Hopi Pueblo, 
1,Cultural Affiliation,269,Paiute, 
1,Cultural Affiliation,724,Seneca, 
1,Cultural Affiliation,723,Arapaho, 
1,Cultural Affiliation,714,Papago/Tohono O'odham, 
1,Cultural Affiliation,713,Pomo, 
1,Cultural Affiliation,712,Pima/Akimel O'odham, 
1,Cultural Affiliation,1201,Sioux, 
1,Cultural Affiliation,425,San Ildefonso Pueblo, 
1,Cultural Affiliation,1220,Seminole, 
1,Cultural Affiliation,426,Santa Clara Pueblo, 
1,Cultural Affiliation,1146,Southern Ute, 
1,Cultural Affiliation,1147,Northern Ute, 
1,Cultural Affiliation,1148,Ute Mountain Ute, 
1,Cultural Affiliation,1158,Pojoaque Pueblo, 
1,Cultural Affiliation,1149,Multi-Tribal, 
1,Cultural Affiliation,1150,"Apache, White Mountain", 
1,Cultural Affiliation,1151,"Apache, Chiricahua", 
1,Cultural Affiliation,1152,"Apache, Mescalero", 
1,Cultural Affiliation,1153,"Apache, Yavapai", 
1,Cultural Affiliation,1154,Zia Pueblo, 
1,Cultural Affiliation,1155,Tesuque Pueblo, 
1,Cultural Affiliation,1156,Cochiti Pueblo, 
1,Cultural Affiliation,1160,San Felipe Pueblo, 
2,Material,2,Wood, 
2,Material,1170,Airbrush, 
2,Material,837,Digital/Electronic, 
2,Material,1169,"Ink, India", 
2,Material,1213,Pine Needle, 
2,Material,1214,Spruce, 
2,Material,1215,Wire, 
2,Material,382,Yarn, 
2,Material,381,Ceramic, 
2,Material,377,Soft Pastels, 
2,Material,375,Pencil, 
2,Material,374,"Paint, Tempera", 
2,Material,373,Pen & Ink, 
2,Material,372,"Ink, Printmaking", 
2,Material,371,"Paint, Watercolor", 
2,Material,370,Paint, 
2,Material,72,Hide, 
2,Material,71,Leather, 
2,Material,70,Iron, 
2,Material,68,Metal, 
2,Material,1168,"Paint, Gouache", 
2,Material,1167,"Paint, Casein", 
2,Material,1166,Colored Pencil, 
2,Material,1165,Oil Pastels, 
2,Material,1164,Graphite/Conte Crayon, 
2,Material,1185,Charcoal, 
2,Material,703,Turquoise, 
2,Material,704,Coral, 
2,Material,705,Feather, 
2,Material,1202,Willow, 
2,Material,1203,Cattail, 
2,Material,1204,Bear Grass, 
2,Material,1205,Yucca, 
2,Material,211,"Beads, plastic", 
2,Material,1206,Wicker, 
2,Material,214,Linen, 
2,Material,725,Pigment, 
2,Material,586,"Silver, Sterling", 
2,Material,1207,Buck Brush, 
2,Material,215,Paper, 
2,Material,216,Fabric, 
2,Material,217,Silk, 
2,Material,218,Steel, 
2,Material,219,Bronze, 
2,Material,220,Copper, 
2,Material,1208,Honeysuckle, 
2,Material,1209,Walnut Hulls, 
2,Material,757,Ivory, 
2,Material,1210,Oak, 
2,Material,241,Stone, 
2,Material,242,Marble, 
2,Material,243,Clay, 
2,Material,590,Limestone, 
2,Material,246,Film, 
2,Material,1211,River Cane, 
2,Material,3,Glass, 
2,Material,1212,Beach Grass, 
2,Material,1175,Gold Leaf, 
2,Material,1225,Sumac, 
2,Material,1174,"Board, Masonite", 
2,Material,1173,"Board, Mat", 
2,Material,1172,"Board, Art", 
2,Material,544,Buckskin, 
2,Material,81,Canvas, 
2,Material,79,"Paint, Acrylic", 
2,Material,78,"Paint, Oil", 
2,Material,77,"Beads, Glass", 
2,Material,76,Plastic, 
2,Material,75,Cotton, 
2,Material,74,Wool, 
2,Material,73,Fiber, 
2,Material,591,Cottonwood, 
2,Material,629,Sand, 
2,Material,1171,Felt-Tip Markers/Paint Pens, 
3,Region,4,Southwest, 
4,Accession Review Decision,548,Partially approved; see notes, 
4,Accession Review Decision,7,Not Approved, 
4,Accession Review Decision,6,Approved, 
5,Accession Type,178,Purchase/Loan, 
5,Accession Type,444,Collected by Staff, 
5,Accession Type,177,Gift/Purchase, 
5,Accession Type,175,Copy loan, 
5,Accession Type,174,Bequest, 
5,Accession Type,173,Permission, 
5,Accession Type,327,Deaccessioned, 
5,Accession Type,176,Gift/Loan, 
5,Accession Type,8,Gift, 
5,Accession Type,9,Purchase, 
5,Accession Type,10,Transfer, 
5,Accession Type,669,Various, 
5,Accession Type,754,Placeholder, 
5,Accession Type,182,Loan, 
5,Accession Type,181,Deposit, 
5,Accession Type,180,Unknown, 
5,Accession Type,179,Returned, 
6,Contact Type,22,Donor: < $1K, 
6,Contact Type,20,Educ: K-12, 
6,Contact Type,11,Researcher: FLC student, 
6,Contact Type,19,Business, 
6,Contact Type,23,Donor: $1K -$100K, 
6,Contact Type,12,Donor: Collections, 
6,Contact Type,399,FLC Foundation Board, 
6,Contact Type,640,Intermountain Weavers Guild 2009 Entry, 
6,Contact Type,13,Researcher: FLC faculty/staff, 
6,Contact Type,683,Four Corners Museum Network (Inst.), 
6,Contact Type,467,SCCD Program Recipient, 
6,Contact Type,234,Lender, 
6,Contact Type,601,Cracked, 
6,Contact Type,462,Oral history speaker, 
6,Contact Type,637,MVF Soukiini 2006 Lender, 
6,Contact Type,221,Appraiser, 
6,Contact Type,753,Transfer, 
6,Contact Type,30,Cultural institution, 
6,Contact Type,326,MVF Soukiini 2006 Attendee, 
6,Contact Type,367,Juried Photos, 
6,Contact Type,21,"CSWS Personnel, Volunteer, Operator", 
6,Contact Type,368,CSWS Friends Group, 
6,Contact Type,31,Nighthorse Lender, 
6,Contact Type,334,CSWS Board (Current), 
6,Contact Type,452,Donor Wall On $10K, 
6,Contact Type,451,Donor Wall On $1K, 
6,Contact Type,333,Native Am Intern, 
6,Contact Type,14,Researcher: Other Academic Institution, 
6,Contact Type,15,Researcher: General Public, 
6,Contact Type,16,Gallery, 
6,Contact Type,441,CSWS Personnel or Volunteer (Current), 
6,Contact Type,398,Board of Trustees, 
6,Contact Type,29,VIP, 
6,Contact Type,28,Vendor, 
6,Contact Type,27,Politician, 
6,Contact Type,17,Educ: Higher, 
6,Contact Type,26,Funder, 
6,Contact Type,25,Media, 
6,Contact Type,24,Donor: > $100K, 
6,Contact Type,18,Individual, 
7,Count Unit,166,photographs, 
7,Count Unit,169,"box, small", 
7,Count Unit,168,rolls of film, 
7,Count Unit,157,envelopes, 
7,Count Unit,33,"box, record", 
7,Count Unit,32,items, 
7,Count Unit,159,folders, 
7,Count Unit,605,Photocopy, 
7,Count Unit,158,"box, flat", 
7,Count Unit,153,audiotapes, 
7,Count Unit,160,issues, 
7,Count Unit,239,digital files, 
7,Count Unit,154,compact discs, 
7,Count Unit,161,lsf, 
7,Count Unit,556,Movie reel, 
7,Count Unit,162,maps, 
7,Count Unit,163,microfiche, 
7,Count Unit,248,postcards, 
7,Count Unit,164,microfilm reels, 
7,Count Unit,167,posters, 
7,Count Unit,165,pages, 
7,Count Unit,187,tons, 
7,Count Unit,186,cash, 
7,Count Unit,185,"box, bankers", 
7,Count Unit,184,acres, 
7,Count Unit,156,DVDs, 
7,Count Unit,436,data cartridges, 
7,Count Unit,155,"box, document", 
7,Count Unit,171,volumes, 
7,Count Unit,170,videotapes, 
8,Owner Type,34,FLC, 
8,Owner Type,35,Foundation, 
8,Owner Type,592,Unknown, 
8,Owner Type,36,Donor, 
8,Owner Type,37,Transferred out, 
8,Owner Type,80,Lender, 
9,Format/Type,284,"Photo, Glass Plate Negative", 
9,Format/Type,1178,"Painting, Sandpainting", 
9,Format/Type,1177,"Painting, Acrylic on Paper", 
9,Format/Type,1176,"Painting, Oil on Canvas", 
9,Format/Type,628,"Drawing, Pencil/Graphite/Conte", 
9,Format/Type,172,Electronic, 
9,Format/Type,650,Beadwork, 
9,Format/Type,718,Garment, 
9,Format/Type,726,Worked Natural Material(s), 
9,Format/Type,223,Jewelry, 
9,Format/Type,235,Painting, 
9,Format/Type,236,Textile, 
9,Format/Type,237,"Sculpture, Plaster", 
9,Format/Type,244,Ceramic, 
9,Format/Type,247,Film, 
9,Format/Type,277,"Photo, Slide Transparency", 
9,Format/Type,280,"Photo, Glass Transparency (Positive)", 
9,Format/Type,281,"Photo, Lantern Slide", 
9,Format/Type,282,Digital Image File, 
9,Format/Type,283,"Digital, Paper Printout", 
9,Format/Type,285,Postcard, 
9,Format/Type,286,"Newspaper, Clipping", 
9,Format/Type,287,"Painting, on Canvas", 
9,Format/Type,288,"Painting, on Board", 
9,Format/Type,289,"Painting, Acrylic on Canvas", 
9,Format/Type,290,"Painting, Oil on Board", 
9,Format/Type,291,"Painting, Acrylic on Board", 
9,Format/Type,292,Painting on Paper, 
9,Format/Type,293,"Drawing, Soft Pastels", 
9,Format/Type,294,"Print, Poster", 
9,Format/Type,295,"Printmaking, Lithograph", 
9,Format/Type,296,"Postcard, Black and White", 
9,Format/Type,297,Scrapbook, 
9,Format/Type,298,"Photo, Panoramic", 
9,Format/Type,299,"Postcard, Tinted", 
9,Format/Type,300,Album, 
9,Format/Type,301,"Photo, Negative", 
9,Format/Type,302,Postal Card, 
9,Format/Type,303,Audiotape, 
9,Format/Type,304,"Postcard, Leather", 
9,Format/Type,305,"Printmaking, Relief/Woodcut/Linoleum", 
9,Format/Type,306,"Photo, Polaroid Print", 
9,Format/Type,307,Blueprint, 
9,Format/Type,308,Architectural Drawing, 
9,Format/Type,309,CD, 
9,Format/Type,310,"Sculpture, Bronze", 
9,Format/Type,311,Diary, 
9,Format/Type,312,DVD, 
9,Format/Type,313,Ephemera, 
9,Format/Type,314,Map, 
9,Format/Type,315,"Postcard, Brown and White", 
9,Format/Type,316,Microfilm, 
9,Format/Type,317,Microfiche, 
9,Format/Type,318,Movie Film, 
9,Format/Type,319,"Postcard, Color", 
9,Format/Type,320,Newspaper, 
9,Format/Type,321,Phonograph Record, 
9,Format/Type,322,"Postcard, Sepia", 
9,Format/Type,338,Carving, 
9,Format/Type,339,Sculpture, 
9,Format/Type,383,"Printmaking, Serigraph/Silk-Screen", 
9,Format/Type,38,Wood, 
9,Format/Type,1199,Drawing on Board, 
9,Format/Type,1198,Drawing on Paper, 
9,Format/Type,1197,"Painting, Watercolor on Paper", 
9,Format/Type,39,Metalwork, 
9,Format/Type,1196,"Painting, Acrylic on Canvas", 
9,Format/Type,1195,"Painting, Acrylic on Board", 
9,Format/Type,1194,"Painting, Oil on Board", 
9,Format/Type,1193,Painting on Board, 
9,Format/Type,1192,Painting on Canvas, 
9,Format/Type,1191,"Print, Giclee' Fine Art Reproduction", 
9,Format/Type,1190,"Print, Poster (Signed & Numbered)", 
9,Format/Type,1189,"Printmaking, Intaglio/Etching/Mezzontint", 
9,Format/Type,1188,"Printmaking, Monotype", 
9,Format/Type,439,"Drawing, Charcoal", 
9,Format/Type,455,Pottery, 
9,Format/Type,457,"Photo, Stereograph", 
9,Format/Type,1187,"Digital, Inkjet/Giclee", 
9,Format/Type,1186,Folio, 
9,Format/Type,1184,Collage, 
9,Format/Type,58,Leather, 
9,Format/Type,59,Hide, 
9,Format/Type,60,Basketry, 
9,Format/Type,61,Paper, 
9,Format/Type,62,"Painting, Oil on Canvas", 
9,Format/Type,63,"Drawing, Pastels", 
9,Format/Type,64,"Photo, Print", 
9,Format/Type,481,"Postcard, Blue and White", 
9,Format/Type,998,"Negative, Film", 
9,Format/Type,999,"Negative, Film & Print", 
9,Format/Type,1000,"Transparency, Film", 
9,Format/Type,1001,"Photo, Glass Transparency", 
9,Format/Type,1002,"Photo, Halftone", 
9,Format/Type,1003,Negative & Print, 
9,Format/Type,1004,"Photo, Transparency", 
9,Format/Type,65,"Print, Poster (Signed)", 
9,Format/Type,545,Doll, 
9,Format/Type,1183,Mixed Media, 
9,Format/Type,1182,"Drawing, Colored Pencil", 
9,Format/Type,1181,"Drawing, Ink", 
9,Format/Type,1180,"Drawing, Oil Pastels", 
9,Format/Type,582,Plaque, 
9,Format/Type,1179,"Painting, Watercolor on Board", 
10,Genre,114,Textiles and garments, 
10,Genre,336,Land, 
10,Genre,670,Natural History Specimen, 
10,Genre,105,Aural, 
10,Genre,329,2D Art, 
10,Genre,555,Movies, 
10,Genre,107,Cash, 
10,Genre,108,Digital, 
10,Genre,599,Prop/Fixture/Graphic, 
10,Genre,112,Photography, 
10,Genre,111,Paper, 
10,Genre,110,Microforms, 
10,Genre,109,Maps, 
10,Genre,104,Artifacts, 
10,Genre,113,Postcards, 
10,Genre,409,Newspaper, 
10,Genre,106,Books and bound materials, 
11,NAGPRA Type,210,Undetermined, 
11,NAGPRA Type,44,Cultural, 
11,NAGPRA Type,43,"Funerary, Associated Object", 
11,NAGPRA Type,42,Human Remains, 
11,NAGPRA Type,1122,"Funerary, Unassociated Object", 
11,NAGPRA Type,93,Ceremonial/Sacred, 
11,NAGPRA Type,1123,Funerary Object, 
12,Budget Code,352,41420, 
12,Budget Code,342,25003, 
12,Budget Code,341,25002, 
12,Budget Code,343,25004, 
12,Budget Code,340,25001, 
12,Budget Code,344,41010, 
12,Budget Code,347,41507, 
12,Budget Code,348,51260, 
12,Budget Code,349,41392, 
12,Budget Code,350,41500, 
12,Budget Code,351,41510, 
12,Budget Code,353,41520, 
12,Budget Code,354,43089, 
12,Budget Code,355,44337, 
12,Budget Code,356,44341, 
12,Budget Code,595,43175, 
12,Budget Code,46,25000, 
12,Budget Code,45,43104, 
12,Budget Code,346,41038, 
12,Budget Code,345,41486, 
13,Department Code,609,CSWS Education, 
13,Department Code,598,CSWS Admin, 
13,Department Code,47,Delaney Library, 
13,Department Code,67,Anthropology, 
13,Department Code,66,Museum, 
13,Department Code,48,Archives, 
14,Building,149,Miller Student Center, 
14,Building,145,Berndt Hall, 
14,Building,146,Reed Library, 
14,Building,147,Campbell Child Development Center, 
14,Building,148,Kroeger Hall, 
14,Building,150,Sourthern Ute Museum, 
14,Building,152,Returned to donor, 
14,Building,49,CSWS, 
15,Room,139,164, 
15,Room,140,166, 
15,Room,141,167, 
15,Room,142,168, 
15,Room,126,24, 
15,Room,708,N/A, 
15,Room,128,2, 
15,Room,129,112, 
15,Room,130,114, 
15,Room,131,133, 
15,Room,132,135, 
15,Room,608,6, 
15,Room,438,162, 
15,Room,440,111, 
15,Room,124,8, 
15,Room,442,138, 
15,Room,125,21, 
15,Room,151,118, 
15,Room,469,136, 
15,Room,136,160, 
15,Room,50,19, 
15,Room,468,134, 
15,Room,123,7, 
15,Room,138,163, 
15,Room,137,170, 
15,Room,143,172, 
15,Room,144,174, 
15,Room,133,137, 
15,Room,51,130, 
15,Room,127,25, 
15,Room,134,140, 
15,Room,135,141, 
15,Room,233,SIO, 
15,Room,240,Campbell Room, 
15,Room,328,165, 
16,Value,54,Appraised, 
16,Value,52,Acquired, 
16,Value,53,Insured, 
16,Value,55,Market, 
17,Technique,86,Cast, 
17,Technique,88,Carved, 
17,Technique,82,Oil on Canvas, 
17,Technique,87,Molded, 
17,Technique,94,Painted, 
17,Technique,85,Felted, 
17,Technique,92,Lithography, 
17,Technique,84,Woven, 
17,Technique,83,Pastel on Paper, 
17,Technique,91,Printed, 
17,Technique,90,Stamped, 
17,Technique,89,Incised, 
18,Digital Process,95,Scanned, 
18,Digital Process,96,Digital photo, 
19,Photo Type,98,Print, 
19,Photo Type,97,Negative, 
20,Negative Type,1107,Kodak TMX 5052, 
20,Negative Type,1118,"safety 4 x5""", 
20,Negative Type,1119,safety film, 
20,Negative Type,1120,, 
20,Negative Type,559,5 x75 B&W, 
20,Negative Type,1066,1 photonegative, 
20,Negative Type,1067,35mm, 
20,Negative Type,1068,4x5, 
20,Negative Type,1069,Ansco safety film, 
20,Negative Type,1070,Ansco/Kodak safety film, 
20,Negative Type,1071,B&W, 
20,Negative Type,1072,cellulose nitrate, 
20,Negative Type,1073,Eastman Safety Kodak, 
20,Negative Type,1074,Fuji, 
20,Negative Type,1075,Fuji Chrome, 
20,Negative Type,1076,Fuji Chrome-RD, 
20,Negative Type,1077,Fuji RVP, 
20,Negative Type,1078,Fuji-D, 
20,Negative Type,1079,glass plate, 
20,Negative Type,1080,Ilford 100 Delta Pro, 
20,Negative Type,1081,Ilford FP4, 
20,Negative Type,1082,Ilford IP1400, 
20,Negative Type,1083,Ilford XP1400, 
20,Negative Type,1084,Kodak, 
20,Negative Type,1085,Kodak & Ansco safety film, 
20,Negative Type,1086,Kodak 35mm, 
20,Negative Type,1087,Kodak 5062, 
20,Negative Type,1088,Kodak 6043, 
20,Negative Type,1089,Kodak Color x F1, 
20,Negative Type,1090,Kodak FX 5060, 
20,Negative Type,1091,Kodak PX 5052, 
20,Negative Type,1092,Kodak PX 5062, 
20,Negative Type,1093,Kodak PXP 6057, 
20,Negative Type,1094,Kodak safety film, 
20,Negative Type,1095,Kodak safety film 5062, 
20,Negative Type,1096,Kodak safety film 5063, 
20,Negative Type,1097,Kodak safety film 6010, 
20,Negative Type,1098,Kodak safety film 6011, 
20,Negative Type,1099,Kodak safety film 6014, 
20,Negative Type,1100,Kodak safety film 6036, 
20,Negative Type,1101,Kodak safety film 6041, 
20,Negative Type,1102,Kodak safety film 6043, 
20,Negative Type,1103,Kodak Safety Film 6074, 
20,Negative Type,1104,Kodak TMX, 
20,Negative Type,1105,Kodak TMX 5025, 
20,Negative Type,1106,Kodak TMX 5026, 
20,Negative Type,1108,Kodak TMX 5062, 
20,Negative Type,1109,Kodak TMX 6025, 
20,Negative Type,1110,Kodak TMX 6043, 
20,Negative Type,1111,Kodak TMX 6052, 
20,Negative Type,1112,Kodak TMX 6053, 
20,Negative Type,1113,Kodak VP 6041, 
20,Negative Type,1114,Kodak/Ansco safety film, 
20,Negative Type,1115,Konica Color SRG 160, 
20,Negative Type,1116,lantern slide, 
20,Negative Type,99,4 x 5 Color, 
20,Negative Type,100,4 x 5 B&W, 
20,Negative Type,1117,Pakon slide, 
21,Photo Material,103,Polyester, 
21,Photo Material,101,Albumen, 
21,Photo Material,102,Nitrate, 
23,Insured By,117,CSWS, 
23,Insured By,116,Lender, 
23,Insured By,267,Borrower, 
23,Insured By,115,Owner, 
24,Loan Purpose,118,Exhibit, 
24,Loan Purpose,119,Temporary Deposit, 
24,Loan Purpose,454,Auction, 
24,Loan Purpose,222,Records storage, 
25,In Exhibit,121,No, 
25,In Exhibit,122,Pending, 
25,In Exhibit,120,Yes, 
26,Image Resolution,623,2000, 
26,Image Resolution,624,1100, 
26,Image Resolution,625,200, 
26,Image Resolution,626,1700, 
26,Image Resolution,627,1500, 
26,Image Resolution,197,400, 
26,Image Resolution,618,1300, 
26,Image Resolution,213,300, 
26,Image Resolution,673,240, 
26,Image Resolution,617,900, 
26,Image Resolution,198,600, 
26,Image Resolution,199,800, 
26,Image Resolution,200,1200, 
26,Image Resolution,201,1600, 
26,Image Resolution,616,1000, 
26,Image Resolution,620,1800, 
26,Image Resolution,619,720, 
26,Image Resolution,621,4000, 
26,Image Resolution,622,1400, 
27,Digitizing Hardware,249,HP Scanjet 4850 flatbed scanner, 
27,Digitizing Hardware,671,Kip 7095 copier/plotter/engineering scanner, 
27,Digitizing Hardware,674,Canon ColorPass 5000 printer/copier, 
27,Digitizing Hardware,205,Epson Expression 1640XL flatbed scanner, 
27,Digitizing Hardware,206,Epson 836XL flatbed scanner, 
28,Digitizing Software,208,"VueScan, Photoshop CS,  and Epson Twain Pro 2.1", 
28,Digitizing Software,207,Photoshop LE 5.5 scanning software, 
28,Digitizing Software,410,Photoshop 7.0 and Epson Twain Pro 2.1 scanning software, 
28,Digitizing Software,411,Photoshop CS and HP Scanjet 4800 series Twain scanning software, 
28,Digitizing Software,209,"Photoshop CS, Epson Twain Pro 2.1 scanning software", 
29,Digitize Parameters,448,Grayscale 8-bit, 
29,Digitize Parameters,212,RGB Color 24-bit, 
29,Digitize Parameters,672,Color, 
30,Cleaning,226,N/A, 
30,Cleaning,225,Complete, 
30,Cleaning,224,Needs, 
31,Mount,369,Needs Hangers, 
31,Mount,231,Framing Needed, 
31,Mount,230,Velcro Complete, 
31,Mount,229,Velcro Needed, 
31,Mount,228,Complete, 
31,Mount,227,Needed, 
31,Mount,232,Framing Complete, 
32,Server Path,1379,\\nebula.srv.fortlewis.edu\SWCenterImages\ItemImages\2021\2021.039\, 
32,Server Path,250,\\atlas\swcenterimages\ItemImages\L2004Nighthorse\, 
32,Server Path,251,\\atlas\swcenterimages\ExhibitsCSWS\060324_MesaVerde\00-Misc\, 
32,Server Path,252,\\atlas\swcenterimages\ExhibitsCSWS\060324_MesaVerde\01-Intro\, 
32,Server Path,253,\\atlas\swcenterimages\ExhibitsCSWS\060324_MesaVerde\03-Fire\, 
32,Server Path,254,\\atlas\swcenterimages\ExhibitsCSWS\060324_MesaVerde\04-AutoCad\, 
32,Server Path,255,\\atlas\swcenterimages\ExhibitsCSWS\060324_MesaVerde\05-RockArt\, 
32,Server Path,256,\\atlas\swcenterimages\ExhibitsCSWS\060324_MesaVerde\06-ArchInPark\, 
32,Server Path,257,\\atlas\swcenterimages\ExhibitsCSWS\060324_MesaVerde\07-ContempArt\, 
32,Server Path,258,\\atlas\swcenterimages\ExhibitsCSWS\060324_MesaVerde\09-PostCards\, 
32,Server Path,259,\\atlas\swcenterimages\ExhibitsCSWS\060324_MesaVerde\11-Pottery\, 
32,Server Path,260,\\fortlewis.edu\shares\sw_center\CURATOR\CSWS-EXHIBITS\060213_NavTibNNM\, 
32,Server Path,261,\\atlas\swcenterimages\ExhibitsCSWS\060324_MesaVerde\08-ParkRanger\06MV08_Images\, 
32,Server Path,262,\\atlas\swcenterimages\ExhibitsCSWS\060324_MesaVerde\01-Intro\06MV01_Images\, 
32,Server Path,263,\\atlas\swcenterimages\AccnLnDocsImages\L2004Nighthorse\, 
32,Server Path,264,\\fortlewis.edu\shares\sw_center\CURATOR\CSWS-EXHIBITS\050422_NavTib\Bill Liske Artifacts\, 
32,Server Path,265,\\atlas\swcenterimages\ExhibitsCSWS\060119_FiberFiesta\Images\, 
32,Server Path,266,\\atlas\swcenterimages\ItemImages\DurangoCollection\DCNC\, 
32,Server Path,323,\\atlas\swcenterimages\AccnLnDocsImages\2000-2007\, 
32,Server Path,324,\\atlas\swcenterimages\ItemImages\2000-\, 
32,Server Path,325,\\atlas\swcenterimages\ItemDocs\2000-2007\, 
32,Server Path,357,\\atlas\swcenterimages\ItemDocs\2000-\Wade Baskets\, 
32,Server Path,358,\\atlas\swcenterimages\ItemImages\2000-\Framed Images\, 
32,Server Path,359,\\atlas\swcenterimages\ItemImages\1990-1999\, 
32,Server Path,360,\\atlas\swcenterimages\ItemImages\1958-1969\, 
32,Server Path,361,\\atlas\swcenterimages\ItemImages\1970-1979\, 
32,Server Path,362,\\atlas\swcenterimages\ItemImages\1980-1989\, 
32,Server Path,363,\\atlas\swcenterimages\ItemImages\L2000-2009\Mesa Verde Pottery\, 
32,Server Path,365,\\atlas\swcenterimages\ItemImages\L2000-2009\, 
32,Server Path,366,\\atlas\swcenterimages\ItemImages\L2000-2009\MV Pottery-PR Shots-Lakewood\, 
32,Server Path,384,\\atlas\swcenterimages\ExhibitsCSWS\061113_MV Lakewood\TreeHouseMural\, 
32,Server Path,400,\\atlas\swcenterimages\ExhibitsCSWS\061113_MV Lakewood\Rock Art\GraphicDesign\RockartLW\, 
32,Server Path,401,\\atlas\swcenterimages\AccnLnDocsImages\L2000-\, 
32,Server Path,402,\\atlas\swcenterimages\ItemImages\DurangoCollection\DCMI\, 
32,Server Path,403,\\atlas\swcenterimages\, 
32,Server Path,404,\\atlas\swcenterimages\ExhibitsCSWS\070601_OldSpanishTrail\, 
32,Server Path,407,\\atlas\swcenterimages\ItemImages\L2000-2009\MV Returns\, 
32,Server Path,408,\\atlas\swcenterimages\ExhibitsCSWS\061105_FallExhibits\Images\ExhibitOpening\, 
32,Server Path,420,\\atlas\swcenterweb\Swimages\, 
32,Server Path,421,\\atlas\swcenterimages\CollectionTiffs\M194\, 
32,Server Path,422,\\atlas\swcenterimages\CollectionTiffs\M195\, 
32,Server Path,423,\\atlas\swcenterimages\CollectionTiffs\M224\, 
32,Server Path,424,\\atlas\swcenterimages\ExhibitsCSWS\081201_DurPublicLibCases\, 
32,Server Path,437,\\fortlewis.edu\shares\sw_center\GRANTS\IMLS Conservation 2006\Painting Conservation Surveys\, 
32,Server Path,443,\\fortlewis.edu\shares\sw_center\GRANTS\IMLS Conservation 2006\Paper Conservation Surveys\Scanned Surveys\, 
32,Server Path,445,\\atlas\swcenterimages\ExhibitsCSWS\070225_ColoradoLandscapes\Documents\, 
32,Server Path,446,\\atlas\swcenterimages\ItemImages\L2000-2009\L2007.0003_Landscape Paintings\, 
32,Server Path,447,\\atlas\swcenterimages\ItemImages\L2000-2009\San Juan Images\, 
32,Server Path,456,\\atlas\swcenterimages\ItemImages\L2000-2009\Sue Cowan Pottery\, 
32,Server Path,463,\\atlas\swcenterweb\images\M197\, 
32,Server Path,464,\\atlas\swcenterimages\ItemDocs\1990-1999\, 
32,Server Path,465,\\atlas\swcenterimages\ItemDocs\1980-1989\, 
32,Server Path,466,\\atlas\swcenterimages\ItemDocs\1970-1979\, 
32,Server Path,470,\\atlas\swcenterimages\ItemImages\DurangoCollection\DCNN\, 
32,Server Path,471,\\atlas\swcenterimages\ItemImages\DurangoCollection\DCNR\, 
32,Server Path,472,\\atlas\swcenterimages\ItemImages\DurangoCollection\DCNT\, 
32,Server Path,473,\\atlas\swcenterimages\ItemImages\DurangoCollection\DCPO\, 
32,Server Path,474,\\atlas\swcenterimages\ItemImages\DurangoCollection\DCRG\, 
32,Server Path,475,\\atlas\swcenterimages\ItemImages\DurangoCollection\DCSS\, 
32,Server Path,476,\\atlas\swcenterimages\ItemImages\SWT\, 
32,Server Path,478,\\atlas\swcenterimages\ItemImages\inv03\, 
32,Server Path,482,\\atlas\swcenterimages\CollectionTiffs\M001\, 
32,Server Path,483,\\atlas\swcenterimages\CollectionTiffs\C001\, 
32,Server Path,484,\\atlas\swcenterimages\CollectionTiffs\C003\, 
32,Server Path,485,\\atlas\swcenterimages\CollectionTiffs\C004\, 
32,Server Path,486,\\atlas\swcenterimages\CollectionTiffs\C007\, 
32,Server Path,487,\\atlas\swcenterimages\CollectionTiffs\D00201\, 
32,Server Path,488,\\atlas\swcenterimages\CollectionTiffs\D00202\, 
32,Server Path,489,\\atlas\swcenterimages\CollectionTiffs\D00203\, 
32,Server Path,490,\\atlas\swcenterimages\CollectionTiffs\D00204\, 
32,Server Path,491,\\atlas\swcenterimages\CollectionTiffs\D00205\, 
32,Server Path,492,\\atlas\swcenterimages\CollectionTiffs\D00206\, 
32,Server Path,493,\\atlas\swcenterimages\CollectionTiffs\D00207\, 
32,Server Path,494,\\atlas\swcenterimages\CollectionTiffs\M002\, 
32,Server Path,495,\\atlas\swcenterimages\CollectionTiffs\M008\, 
32,Server Path,496,\\atlas\swcenterimages\CollectionTiffs\M018\, 
32,Server Path,497,\\atlas\swcenterimages\CollectionTiffs\M019\, 
32,Server Path,498,\\atlas\swcenterimages\CollectionTiffs\M028\, 
32,Server Path,499,\\atlas\swcenterimages\CollectionTiffs\M032\, 
32,Server Path,500,\\atlas\swcenterimages\CollectionTiffs\M037\, 
32,Server Path,501,\\atlas\swcenterimages\CollectionTiffs\M061\, 
32,Server Path,502,\\atlas\swcenterimages\CollectionTiffs\M064\, 
32,Server Path,503,\\atlas\swcenterimages\CollectionTiffs\M073\, 
32,Server Path,504,\\atlas\swcenterimages\CollectionTiffs\M088\, 
32,Server Path,505,\\atlas\swcenterimages\CollectionTiffs\M093\, 
32,Server Path,506,\\atlas\swcenterimages\CollectionTiffs\M121\, 
32,Server Path,507,\\atlas\swcenterimages\CollectionTiffs\M124\, 
32,Server Path,508,\\atlas\swcenterimages\CollectionTiffs\M127\, 
32,Server Path,509,\\atlas\swcenterimages\CollectionTiffs\M139\, 
32,Server Path,510,\\atlas\swcenterimages\CollectionTiffs\M159\, 
32,Server Path,511,\\atlas\swcenterimages\CollectionTiffs\M175\, 
32,Server Path,512,\\atlas\swcenterimages\CollectionTiffs\M179\, 
32,Server Path,513,\\atlas\swcenterimages\CollectionTiffs\M191\, 
32,Server Path,514,\\atlas\swcenterimages\CollectionTiffs\P059\, 
32,Server Path,515,\\atlas\swcenterimages\CollectionTiffs\M197\, 
32,Server Path,516,\\atlas\swcenterimages\CollectionTiffs\M198\, 
32,Server Path,517,\\atlas\swcenterimages\CollectionTiffs\M203\, 
32,Server Path,518,\\atlas\swcenterimages\CollectionTiffs\M208\, 
32,Server Path,519,\\atlas\swcenterimages\CollectionTiffs\M209\, 
32,Server Path,520,\\atlas\swcenterimages\CollectionTiffs\M214\, 
32,Server Path,521,\\atlas\swcenterimages\CollectionTiffs\M221\, 
32,Server Path,522,\\atlas\swcenterimages\CollectionTiffs\P057\, 
32,Server Path,523,\\atlas\swcenterimages\CollectionTiffs\M227\, 
32,Server Path,524,\\atlas\swcenterimages\CollectionTiffs\P001\, 
32,Server Path,525,\\atlas\swcenterimages\CollectionTiffs\P003\, 
32,Server Path,526,\\atlas\swcenterimages\CollectionTiffs\P004\, 
32,Server Path,527,\\atlas\swcenterimages\CollectionTiffs\P008\, 
32,Server Path,528,\\atlas\swcenterimages\CollectionTiffs\P009\, 
32,Server Path,529,\\atlas\swcenterimages\CollectionTiffs\P010\, 
32,Server Path,530,\\atlas\swcenterimages\CollectionTiffs\P011\, 
32,Server Path,531,\\atlas\swcenterimages\CollectionTiffs\P015\, 
32,Server Path,532,\\atlas\swcenterimages\CollectionTiffs\P017\, 
32,Server Path,533,\\atlas\swcenterimages\CollectionTiffs\P018\, 
32,Server Path,534,\\atlas\swcenterimages\CollectionTiffs\P026\, 
32,Server Path,535,\\atlas\swcenterimages\CollectionTiffs\P034\, 
32,Server Path,536,\\atlas\swcenterimages\CollectionTiffs\P042\, 
32,Server Path,537,\\atlas\swcenterimages\CollectionTiffs\P048\, 
32,Server Path,538,\\atlas\swcenterimages\CollectionTiffs\P049\, 
32,Server Path,539,\\atlas\swcenterimages\CollectionTiffs\P051\, 
32,Server Path,540,\\atlas\swcenterimages\CollectionTiffs\P055\, 
32,Server Path,541,\\atlas\swcenterimages\CollectionTiffs\P056\, 
32,Server Path,542,\\atlas\swcenterimages\CollectionTiffs\M230\, 
32,Server Path,543,\\atlas\swcenterimages\ItemImages\L2000-2009\Zapotec_Loans\, 
32,Server Path,550,\\atlas\swcenterimages\CollectionTiffs\M211\, 
32,Server Path,551,\\atlas\swcenterimages\CollectionTiffs\M003\, 
32,Server Path,552,\\atlas\swcenterimages\CollectionTiffs\M233\, 
32,Server Path,553,\\atlas\swcenterimages\CollectionTiffs\M231\, 
32,Server Path,554,\\atlas\swcenterimages\CollectionTiffs\M232\, 
32,Server Path,558,\\atlas\swcenterimages\ExhibitsCSWS\070514_MTPueblo\, 
32,Server Path,560,\\atlas\swcenterimages\ItemDocs\2000-\Hensler\, 
32,Server Path,561,\\atlas\swcenterimages\ItemImages\2000-\Tsosie\, 
32,Server Path,562,\\atlas\swcenterimages\ItemImages\L2000-2009\Art_Quintana\, 
32,Server Path,563,\\atlas\swcenterimages\ItemDocs\L2000-\, 
32,Server Path,564,\\atlas\swcenterimages\ItemImages\L2000-2009\Old Spanish Trails\MW_Loans\, 
32,Server Path,565,\\atlas\swcenterimages\Contacts\, 
32,Server Path,567,\\atlas\swcenterimages\ItemImages\L2000-2009\Old Spanish Trails\Palace_Loans\, 
32,Server Path,568,\\atlas\swcenterimages\ItemDocs\L2000-\Old Spanish Trail\, 
32,Server Path,569,\\atlas\swcenterimages\ExhibitsCSWS\070601_OldSpanishTrail\Artifacts\, 
32,Server Path,570,\\atlas\swcenterimages\ItemDocs\L2000-\Old Spanish Trail\Condition Reports\, 
32,Server Path,571,\\atlas\swcenterimages\ExhibitsCSWS\070601_OldSpanishTrail\OSTexhibitplans\TextPanelLayout\, 
32,Server Path,572,\\atlas\swcenterimages\ItemImages\L2000-2009\Old Spanish Trails\Anthro\, 
32,Server Path,573,\\atlas\swcenterimages\ItemImages\Recent Donations photos\030203_JoanLeeDonation\, 
32,Server Path,574,\\atlas\swcenterimages\ItemImages\L2000-2009\Old Spanish Trails\SAR_Loans\, 
32,Server Path,576,\\atlas\swcenterimages\ItemDocs\2008\, 
32,Server Path,577,\\atlas\swcenterimages\ItemImages\2008-\, 
32,Server Path,578,\\atlas\swcenterimages\ItemDocs\L2000Nighthorse-\, 
32,Server Path,579,\\fortlewis.edu\shares\sw_center\DATABASES\PhilOnly\, 
32,Server Path,583,\\atlas\swcenterimages\ItemImages\GaryEllison\, 
32,Server Path,584,\\atlas\swcenterimages\ExhibitsCSWS\080525_OSTPalace\, 
32,Server Path,587,\\atlas\swcenterimages\ItemImages\L2000-2009\Desert Rock\, 
32,Server Path,588,\\atlas\swcenterimages\AccnLnDocsImages\2000-2007\A2005_11003\, 
32,Server Path,593,\\atlas\swcenterimages\ExhibitsCSWS\080622_TransitionsTextiles\Graphics\, 
32,Server Path,596,\\atlas\swcenterimages\AccnLnDocsImages\1980-1989\, 
32,Server Path,597,\\atlas\swcenterimages\ItemDocs\L2004Nighthorse\, 
32,Server Path,604,\\atlas\swcenterimages\ItemDocs\2008\McLainScans\, 
32,Server Path,606,\\atlas\swcenterimages\AccnLnDocsImages\2008\, 
32,Server Path,607,\\atlas\swcenterimages\ItemImages\L2000-2009\Bill Liske\, 
32,Server Path,610,\\atlas\swcenterimages\ItemDocs\2000-2007\McLain_Katherine\, 
32,Server Path,611,\\atlas\swcenterimages\ExhibitsCSWS\081004_PostcardsWishYouWereHere\Documents\, 
32,Server Path,612,\\atlas\swcenterimages\ItemImages\2000-\Heath\, 
32,Server Path,613,\\atlas\swcenterimages\ItemImages\L2000-2009\Jackson_Clark\, 
32,Server Path,631,\\atlas\swcenterimages\ExhibitsCSWS\081128_OSTAnasaziHeritageCenter\Graphics\, 
32,Server Path,632,\\atlas\swcenterimages\ExhibitsCSWS\081201_DurPublicLibCases\CasePlans\, 
32,Server Path,634,\\atlas\swcenterimages\ExhibitsCSWS\090208_Birgitta\Documents\, 
32,Server Path,635,\\atlas\swcenterimages\ExhibitsCSWS\090125_PhotoShow09\Documents\, 
32,Server Path,636,\\atlas\swcenterimages\ItemImages\L2008_L2009Birgitta\, 
32,Server Path,638,\\atlas\swcenterimages\ItemImages\2008-\2009.011_Gummersall\, 
32,Server Path,639,, 
32,Server Path,641,\\atlas\swcenterimages\ExhibitsCSWS\090815_Mountain Lions\MountainLionArtifacts\, 
32,Server Path,643,\\atlas\swcenterimages\ExhibitsCSWS\090917_CSUWearingBlankets\CSU_ItemImages\CSU_OneEachphoto\, 
32,Server Path,644,\\atlas\swcenterimages\ItemImages\L2000-2009\Hensler L2009-0135\, 
32,Server Path,645,\\atlas\swcenterimages\ItemImages\L2000-2009\Richard Baxstrom\, 
32,Server Path,646,\\atlas\swcenterimages\ItemImages\2010-\, 
32,Server Path,647,\\atlas\swcenterimages\ItemImages\2008-\, 
32,Server Path,648,\\atlas\swcenterimages\ItemImages\2008-\, 
32,Server Path,649,\\atlas\swcenterimages\ItemImages\2008-\, 
32,Server Path,651,\\atlas\swcenterimages\AccnLnDocsImages\2010\, 
32,Server Path,653,\\atlas\swcenterimages\ItemImages\2010-\, 
32,Server Path,654,\\atlas\swcenterimages\ItemImages\InvAndUnknown\, 
32,Server Path,655,\\atlas\swcenterimages\ItemImages\2010-\2010.065_Coolbaugh\ImagesFromDonor\, 
32,Server Path,656,\\atlas\swcenterimages\ItemImages\2010-\2010.065_Coolbaugh\, 
32,Server Path,658,\\atlas\swcenterimages\ExhibitsCSWS\090815_Mountain Lions\Travel_Exhibit\, 
32,Server Path,659,\\atlas\swcenterimages\ExhibitsCSWS\090815_Mountain Lions\Mt. Lion construction drawings\, 
32,Server Path,660,\\atlas\swcenterimages\ExhibitsCSWS\090815_Mountain Lions\110124_MountainLionTakedown\, 
32,Server Path,661,\\atlas\swcenterimages\ExhibitsCSWS\090815_Mountain Lions\Mt. Lion panels and text\, 
32,Server Path,662,\\atlas\swcenterimages\ExhibitsCSWS\090815_Mountain Lions\Mnt Lion PR_Julie's files\Mnt Lion Rack Card\Finalized Files\, 
32,Server Path,663,\\atlas\swcenterimages\ExhibitsCSWS\090815_Mountain Lions\Mnt Lion PR_Julie's files\Arts Perspective\, 
32,Server Path,664,\\atlas\swcenterimages\ExhibitsCSWS\090815_Mountain Lions\Mnt Lion PR_Julie's files\Durango Magazine 2010\, 
32,Server Path,665,\\atlas\swcenterimages\ExhibitsCSWS\090815_Mountain Lions\Mnt Lion PR_Julie's files\Street Banner\, 
32,Server Path,666,\\atlas\swcenterimages\ExhibitsCSWS\090815_Mountain Lions\Mnt Lion PR_Julie's files\VIP Event\, 
32,Server Path,667,\\atlas\swcenterimages\ExhibitsCSWS\110511_CutterMapExhibit\C003 copy\, 
32,Server Path,668,\\atlas\swcenterimages\ExhibitsCSWS\110511_CutterMapExhibit\, 
32,Server Path,675,\\atlas\swcenterimages\CollectionTiffs\C003\thumbnails\, 
32,Server Path,684,\\atlas\swcenterimages\ItemImages\2011\L2011PhotosSkywatchers\, 
32,Server Path,685,\\atlas\swcenterimages\ItemImages\2011\2011.013_Painting\, 
32,Server Path,706,\\atlas\swcenterimages\ExhibitsCSWS\090917_CSUWearingBlankets\CSU_ItemImages\OneEachCropped\, 
32,Server Path,707,\\atlas\swcenterimages\ExhibitsCSWS\090917_CSUWearingBlankets\090917_CsuWoven2Wear\090907_CSUPrepAndSetUp\, 
32,Server Path,709,\\atlas\swcenterimages\ItemImages\L2010-\L2011.0007\, 
32,Server Path,711,\\atlas\swcenterimages\ItemImages\2000-\2006.102\, 
32,Server Path,715,\\atlas\swcenterimages\ItemImages\2012\2012.048_Hensler\, 
32,Server Path,716,\\atlas\swcenterimages\ItemImages\Partridge\, 
32,Server Path,717,\\atlas\swcenterimages\CollectionTiffs\F021\Rio Grande Collection Binder Scans\, 
32,Server Path,719,\\atlas\swcenterimages\ItemImages\2011\2011.040_Art\, 
32,Server Path,720,\\atlas\swcenterimages\ItemImages\2011\2011.050_Ballantine\, 
32,Server Path,721,\\atlas\swcenterimages\ItemImages\2008-\2009.009\, 
32,Server Path,722,\\atlas\swcenterimages\ItemImages\2011\2011.021_OmearaDollHouse\, 
32,Server Path,729,\\atlas\swcenterimages\ItemImages\2014\2014.029_Nwebber\, 
32,Server Path,730,\\atlas\swcenterimages\ItemImages\2011\2011.022_Nwebber\, 
32,Server Path,731,\\atlas\swcenterimages\ItemImages\2015-\2015.001_Nwebber\, 
32,Server Path,733,\\atlas\swcenterimages\ItemImages\2011\2011.063_accession\, 
32,Server Path,734,\\atlas\swcenterimages\ItemImages\2011\2011.064_Hensler\, 
32,Server Path,735,\\atlas\swcenterimages\ItemImages\2014\2014.001_Nwebber\, 
32,Server Path,736,\\atlas\swcenterimages\ItemImages\2013\2013.051_Nwebber\, 
32,Server Path,737,\\atlas\swcenterimages\ItemImages\2011\L2011.0105_ThomasTowner\, 
32,Server Path,738,\\atlas\swcenterimages\ItemImages\2010-\2010.076_Goodhue\, 
32,Server Path,739,\\atlas\swcenterimages\ItemImages\2010-\L2010.0022_MacaelaGomez\, 
32,Server Path,740,\\atlas\swcenterimages\ItemImages\2013\2013.047_Hensler\, 
32,Server Path,741,\\atlas\swcenterimages\ItemImages\2005\2005.01006_Nwebber\, 
32,Server Path,742,\\atlas\swcenterimages\ItemImages\2004\2004.10002_Nwebber\, 
32,Server Path,743,\\atlas\swcenterimages\ItemImages\2010-\2010.056_Nwebber\, 
32,Server Path,744,\\atlas\swcenterimages\ItemImages\2006\2006.073_Nwebber\, 
32,Server Path,745,\\atlas\swcenterimages\ItemImages\2008-\2009.038_Nwebber\, 
32,Server Path,746,\\atlas\swcenterimages\ItemImages\2014\L2014.0037_accession\, 
32,Server Path,747,\\atlas\swcenterimages\ItemImages\2014\2014.086_JohnC.Irish\, 
32,Server Path,748,\\atlas\swcenterimages\ItemImages\2015-\2015.021_Hensler\, 
32,Server Path,749,\\atlas\swcenterimages\ItemImages\2012\2012.060_Hensler\, 
32,Server Path,751,\\atlas\swcenterimages\ItemImages\2014\2014.044_accession\, 
32,Server Path,752,\\atlas\swcenterimages\ItemImages\2014\2014.071_Mullin\, 
32,Server Path,755,\\atlas\swcenterimages\ItemImages\2015-\2015.004_JohnC.Irish\, 
32,Server Path,756,\\atlas\swcenterimages\ItemImages\2014\2014.041_Irish\, 
32,Server Path,758,\\atlas\swcenterimages\ItemImages\2014\2014.068_Irish\, 
32,Server Path,759,\\atlas\swcenterimages\ItemImages\1958-1969\1963.01001_Ewing\, 
32,Server Path,760,\\atlas\swcenterimages\ItemImages\1958-1969\1965.12011_Baughetee\, 
32,Server Path,761,\\atlas\swcenterimages\ItemImages\1958-1969\1965.19008_McPherson\, 
32,Server Path,762,\\atlas\swcenterimages\ItemImages\1958-1969\1968.04003_Lobato\, 
32,Server Path,763,\\atlas\swcenterimages\ItemImages\1970-1979\1970.02004_Lewis\, 
32,Server Path,764,\\atlas\swcenterimages\ItemImages\1970-1979\1971.02019_Green\, 
32,Server Path,765,\\atlas\swcenterimages\ItemImages\1990-1999\1990.03001_Lewis\, 
32,Server Path,766,\\atlas\swcenterimages\ItemImages\2004\2004.08006_Begay\, 
32,Server Path,767,\\atlas\swcenterimages\ItemImages\2005\2005.07013_Ballantine\, 
32,Server Path,768,\\atlas\swcenterimages\ItemImages\2005\2005.10007_Webber\, 
32,Server Path,769,\\atlas\swcenterimages\ItemImages\2005\2005.11009_Webber\, 
32,Server Path,770,\\atlas\swcenterimages\ItemImages\2009\L2009.0116_Campbell\, 
32,Server Path,771,\\atlas\swcenterimages\ItemImages\2006\2006.094_Purchase\, 
32,Server Path,772,\\atlas\swcenterimages\ItemImages\2007\, 
32,Server Path,773,\\atlas\swcenterimages\ItemImages\2008-\2008.002_Webber\, 
32,Server Path,774,\\atlas\swcenterimages\ItemImages\2001\2001.12004_Reed\, 
32,Server Path,775,\\atlas\swcenterimages\ItemImages\1958-1969\1962.02001_Daniels\, 
32,Server Path,776,\\atlas\swcenterimages\ItemImages\1958-1969\1965.19005_McPherson\, 
32,Server Path,777,\\atlas\swcenterimages\ItemImages\2009\2009.010_Soens\, 
32,Server Path,778,\\atlas\swcenterimages\ItemImages\2009\2009.008_Rueb\, 
32,Server Path,779,\\atlas\swcenterimages\ItemImages\2009\2009.009_Purchase\, 
32,Server Path,780,\\atlas\swcenterimages\ItemImages\2009\2009.015_Purchase\, 
32,Server Path,781,\\atlas\swcenterimages\ItemImages\2009\2009.033_Purchase\, 
32,Server Path,782,\\atlas\swcenterimages\ItemImages\2009\2009.064_Simmons\, 
32,Server Path,783,\\atlas\swcenterimages\ItemImages\1958-1969\1963.06033_Daniels\, 
32,Server Path,784,\\atlas\swcenterimages\ItemImages\1970-1979\1971.02025_Jicarilla\, 
32,Server Path,785,\\atlas\swcenterimages\ItemImages\1970-1979\1971.02027_Jicarilla\, 
32,Server Path,786,\\atlas\swcenterimages\ItemImages\1970-1979\1971.02075_Jicarilla\, 
32,Server Path,787,\\atlas\swcenterimages\ItemImages\1970-1979\1974.008_Jicarilla\, 
32,Server Path,788,\\atlas\swcenterimages\ItemImages\1990-1999\1999.10014_Keel\, 
32,Server Path,789,\\atlas\swcenterimages\ItemImages\Inv04_Jicarilla\, 
32,Server Path,790,\\atlas\swcenterimages\ItemImages\Inv\Inv06_Jicarilla\, 
32,Server Path,791,\\atlas\swcenterimages\ItemImages\1970-1979\1978.01048_Accession\, 
32,Server Path,792,\\atlas\swcenterimages\ItemImages\1980-1989\1988.11004_Accession\, 
32,Server Path,793,\\atlas\swcenterimages\ItemImages\2010-\2010.066_Aspaas\, 
32,Server Path,794,\\atlas\swcenterimages\ItemImages\2010-\2010.079_Ranehousen\, 
32,Server Path,795,\\atlas\swcenterimages\ItemImages\2011\2011.008_FortLewis\, 
32,Server Path,796,\\atlas\swcenterimages\ItemImages\2012\2012.023_Webber\, 
32,Server Path,797,\\atlas\swcenterimages\ItemImages\2011\2011.033_ExerciseScienceDepartment\, 
32,Server Path,798,\\atlas\swcenterimages\ItemImages\2012\2012.033_Hensler\, 
32,Server Path,799,\\atlas\swcenterimages\ItemImages\2012\2012.034_Webber\, 
32,Server Path,800,\\atlas\swcenterimages\ItemImages\2010-\2010.068_Art\, 
32,Server Path,801,\\atlas\swcenterimages\ItemImages\2010-\2010.086_Winter\, 
32,Server Path,802,\\atlas\swcenterimages\ItemImages\2012\2012.036_Purchase\, 
32,Server Path,803,\\atlas\swcenterimages\ItemImages\2012\2012.037_Purchase\, 
32,Server Path,804,\\atlas\swcenterimages\ItemImages\2012\2012.046_Ward\, 
32,Server Path,805,\\atlas\swcenterimages\ItemImages\2015-\2015.059_McDaniel\, 
32,Server Path,806,\\atlas\swcenterimages\ItemImages\2016\2016.007.Tupper\, 
32,Server Path,807,\\atlas\swcenterimages\ItemImages\2015-\2015.066_Tupper\, 
32,Server Path,808,\\atlas\swcenterimages\ItemImages\2014\2014.060_Tupper\, 
32,Server Path,810,\\atlas\swcenterimages\ItemImages\2014\L2014.0035_Tupper\, 
32,Server Path,811,\\atlas\swcenterimages\ItemImages\2015-\2015.060_Hensler\, 
32,Server Path,812,\\atlas\swcenterimages\ItemImages\2012\2012.063_Brako\, 
32,Server Path,813,\\atlas\swcenterimages\ItemImages\2012\2012.066_Zigler\, 
32,Server Path,814,\\atlas\swcenterimages\ItemImages\2012\2012.071_AcademicAffairsOffice\, 
32,Server Path,815,\\atlas\swcenterimages\ItemImages\2012\2012.079_Brako\, 
32,Server Path,816,\\atlas\swcenterimages\ItemImages\2012\2012.200_Winter\, 
32,Server Path,817,\\atlas\swcenterimages\ItemImages\2013\2013.002_Webber\, 
32,Server Path,818,\\atlas\swcenterimages\ItemImages\2013\2013.005_Hensler\, 
32,Server Path,819,\\atlas\swcenterimages\ItemImages\2013\2013.022_VectraBank\, 
32,Server Path,820,\\atlas\swcenterimages\ItemImages\2013\2013.032_Ryan\, 
32,Server Path,821,\\atlas\swcenterimages\ItemImages\2013\2013.039_Britz\, 
32,Server Path,822,\\atlas\swcenterimages\ItemImages\2013\2013.060_Puchase\, 
32,Server Path,823,\\atlas\swcenterimages\ItemImages\2014\2014.016_Purchase\, 
32,Server Path,824,\\atlas\swcenterimages\ItemImages\2013\2013.014_Hensler\, 
32,Server Path,825,\\atlas\swcenterimages\ItemImages\2013\2013.029_Webber\, 
32,Server Path,826,\\atlas\swcenterimages\ItemImages\2013\2013.051_Nwebber\, 
32,Server Path,827,\\atlas\swcenterimages\ItemImages\2014\2014.004_Hensler\, 
32,Server Path,828,\\atlas\swcenterimages\ItemImages\2014\2014.006_Forest\, 
32,Server Path,829,\\atlas\swcenterimages\ItemImages\2014\2014.011_Smith\, 
32,Server Path,830,\\atlas\swcenterimages\ItemImages\2014\2014.0002_ForestService\, 
32,Server Path,831,\\atlas\swcenterimages\ItemImages\2014\2014.017_Brako\, 
32,Server Path,832,\\atlas\swcenterimages\ItemImages\2014\2014.019_Hensler\, 
32,Server Path,833,\\atlas\swcenterimages\ItemImages\2014\2014.024_Purchase\, 
32,Server Path,834,\\atlas\swcenterimages\ItemImages\2014\2014.029_Webber\, 
32,Server Path,835,\\atlas\swcenterimages\ItemImages\2014\2014.039_LeagueOfWomenVoters\, 
32,Server Path,836,\\atlas\swcenterimages\ItemImages\2014\2014.042_Barr\, 
32,Server Path,839,\\atlas\swcenterimages\TupperPhotos\2014.060.001\, 
32,Server Path,840,\\atlas\swcenterimages\TupperPhotos\2014.060.009\, 
32,Server Path,841,\\atlas\swcenterimages\TupperPhotos\2014.060.137\, 
32,Server Path,842,\\atlas\swcenterimages\TupperPhotos\2014.060.144\, 
32,Server Path,843,\\atlas\swcenterimages\TupperPhotos\2014.060.420\, 
32,Server Path,844,\\atlas\swcenterimages\TupperPhotos\2014.060.433\, 
32,Server Path,845,\\atlas\swcenterimages\TupperPhotos\2014.060.445\, 
32,Server Path,846,\\atlas\swcenterimages\TupperPhotos\2014.060.449\, 
32,Server Path,847,\\atlas\swcenterimages\TupperPhotos\2014.060.458\, 
32,Server Path,848,\\atlas\swcenterimages\TupperPhotos\2014.060.524\, 
32,Server Path,849,\\atlas\swcenterimages\TupperPhotos\2014.060.529\, 
32,Server Path,850,\\atlas\swcenterimages\TupperPhotos\2014.060.542\, 
32,Server Path,851,\\atlas\swcenterimages\TupperPhotos\2014.060.650\, 
32,Server Path,852,\\atlas\swcenterimages\TupperPhotos\2014.060.652\, 
32,Server Path,853,\\atlas\swcenterimages\TupperPhotos\2015.066.111\, 
32,Server Path,854,\\atlas\swcenterimages\TupperPhotos\2015.066.378\, 
32,Server Path,855,\\atlas\swcenterimages\TupperPhotos\2015.066.459\, 
32,Server Path,856,\\atlas\swcenterimages\TupperPhotos\2015.066.513\, 
32,Server Path,857,\\atlas\swcenterimages\TupperPhotos\2015.066.607\, 
32,Server Path,858,\\atlas\swcenterimages\TupperPhotos\2015.066.608\, 
32,Server Path,859,\\atlas\swcenterimages\TupperPhotos\2015.066.609\, 
32,Server Path,860,\\atlas\swcenterimages\TupperPhotos\2015.066.611\, 
32,Server Path,861,\\atlas\swcenterimages\TupperPhotos\2015.066.811\, 
32,Server Path,862,\\atlas\swcenterimages\TupperPhotos\2016.007.029\, 
32,Server Path,863,\\atlas\swcenterimages\TupperPhotos\2016.007.034\, 
32,Server Path,864,\\atlas\swcenterimages\TupperPhotos\2016.007.053\, 
32,Server Path,865,\\atlas\swcenterimages\TupperPhotos\2016.007.106\, 
32,Server Path,866,\\atlas\swcenterimages\TupperPhotos\2016.007.174\, 
32,Server Path,867,\\atlas\swcenterimages\TupperPhotos\2016.007.248\, 
32,Server Path,868,\\atlas\swcenterimages\TupperPhotos\2016.007.331\, 
32,Server Path,869,\\atlas\swcenterimages\TupperPhotos\2016.007.352\, 
32,Server Path,870,\\atlas\swcenterimages\TupperPhotos\2016.007.353\, 
32,Server Path,871,\\atlas\swcenterimages\TupperPhotos\2016.007.425\, 
32,Server Path,872,\\atlas\swcenterimages\TupperPhotos\2016.007.444\, 
32,Server Path,873,\\atlas\swcenterimages\TupperPhotos\2016.007.469\, 
32,Server Path,874,\\atlas\swcenterimages\TupperPhotos\2016.007.500\, 
32,Server Path,875,\\atlas\swcenterimages\TupperPhotos\2016.007.653\, 
32,Server Path,876,\\atlas\swcenterimages\TupperPhotos\2017.006.000\, 
32,Server Path,877,\\atlas\swcenterimages\TupperPhotos\2017.006.021\, 
32,Server Path,878,\\atlas\swcenterimages\TupperPhotos\2017.006.068\, 
32,Server Path,879,\\atlas\swcenterimages\TupperPhotos\2017.006.069\, 
32,Server Path,880,\\atlas\swcenterimages\TupperPhotos\2017.006.143\, 
32,Server Path,881,\\atlas\swcenterimages\TupperPhotos\2017.006.149\, 
32,Server Path,882,\\atlas\swcenterimages\TupperPhotos\2017.006.241\, 
32,Server Path,883,\\atlas\swcenterimages\TupperPhotos\2017.006.253\, 
32,Server Path,884,\\atlas\swcenterimages\TupperPhotos\2017.006.275\, 
32,Server Path,885,\\atlas\swcenterimages\TupperPhotos\2017.006.280\, 
32,Server Path,886,\\atlas\swcenterimages\TupperPhotos\2017.006.288\, 
32,Server Path,887,\\atlas\swcenterimages\TupperPhotos\2017.006.365\, 
32,Server Path,888,\\atlas\swcenterimages\TupperPhotos\2017.006.376\, 
32,Server Path,889,\\atlas\swcenterimages\TupperPhotos\2017.006.447\, 
32,Server Path,890,\\atlas\swcenterimages\TupperPhotos\2017.006.476\, 
32,Server Path,891,\\atlas\swcenterimages\TupperPhotos\2017.006.548\, 
32,Server Path,892,\\atlas\swcenterimages\TupperPhotos\L2014.0035.000A\, 
32,Server Path,893,\\atlas\swcenterimages\TupperPhotos\L2014.0035.000B\, 
32,Server Path,894,\\atlas\swcenterimages\TupperPhotos\L2014.0035.011\, 
32,Server Path,895,\\atlas\swcenterimages\TupperPhotos\L2014.0035.022\, 
32,Server Path,896,\\atlas\swcenterimages\TupperPhotos\L2014.0035.047\, 
32,Server Path,897,\\atlas\swcenterimages\TupperPhotos\L2014.0035.055\, 
32,Server Path,898,\\atlas\swcenterimages\TupperPhotos\L2014.0035.070\, 
32,Server Path,899,\\atlas\swcenterimages\TupperPhotos\L2014.0035.085\, 
32,Server Path,900,\\atlas\swcenterimages\TupperPhotos\L2014.0035.090\, 
32,Server Path,901,\\atlas\swcenterimages\TupperPhotos\L2014.0035.125\, 
32,Server Path,902,\\atlas\swcenterimages\TupperPhotos\L2014.0035.151\, 
32,Server Path,903,\\atlas\swcenterimages\TupperPhotos\L2014.0035.160\, 
32,Server Path,904,\\atlas\swcenterimages\TupperPhotos\L2014.0035.171\, 
32,Server Path,905,\\atlas\swcenterimages\TupperPhotos\L2014.0035.189\, 
32,Server Path,906,\\atlas\swcenterimages\TupperPhotos\L2014.0035.192\, 
32,Server Path,907,\\atlas\swcenterimages\TupperPhotos\L2014.0035.199\, 
32,Server Path,908,\\atlas\swcenterimages\TupperPhotos\L2014.0035.207\, 
32,Server Path,909,\\atlas\swcenterimages\TupperPhotos\L2014.0035.212\, 
32,Server Path,910,\\atlas\swcenterimages\TupperPhotos\L2014.0035.214\, 
32,Server Path,911,\\atlas\swcenterimages\TupperPhotos\L2014.0035.218\, 
32,Server Path,912,\\atlas\swcenterimages\TupperPhotos\L2014.0035.229\, 
32,Server Path,913,\\atlas\swcenterimages\TupperPhotos\L2014.0035.235\, 
32,Server Path,914,\\atlas\swcenterimages\TupperPhotos\L2014.0035.239\, 
32,Server Path,915,\\atlas\swcenterimages\TupperPhotos\L2014.0035.247\, 
32,Server Path,916,\\atlas\swcenterimages\TupperPhotos\L2014.0035.252\, 
32,Server Path,917,\\atlas\swcenterimages\TupperPhotos\L2014.0035.264\, 
32,Server Path,918,\\atlas\swcenterimages\TupperPhotos\L2014.0035.267\, 
32,Server Path,919,\\atlas\swcenterimages\TupperPhotos\L2014.0035.281\, 
32,Server Path,920,\\atlas\swcenterimages\TupperPhotos\L2014.0035.286\, 
32,Server Path,921,\\atlas\swcenterimages\TupperPhotos\L2014.0035.295\, 
32,Server Path,922,\\atlas\swcenterimages\TupperPhotos\L2014.0035.297\, 
32,Server Path,923,\\atlas\swcenterimages\TupperPhotos\L2014.0035.304\, 
32,Server Path,924,\\atlas\swcenterimages\TupperPhotos\L2014.0035.305\, 
32,Server Path,925,\\atlas\swcenterimages\TupperPhotos\L2014.0035.312\, 
32,Server Path,926,\\atlas\swcenterimages\TupperPhotos\L2014.0035.316\, 
32,Server Path,927,\\atlas\swcenterimages\TupperPhotos\L2014.0035.334\, 
32,Server Path,928,\\atlas\swcenterimages\TupperPhotos\L2014.0035.346\, 
32,Server Path,929,\\atlas\swcenterimages\TupperPhotos\L2014.0035.389\, 
32,Server Path,930,\\atlas\swcenterimages\TupperPhotos\L2014.0035.393\, 
32,Server Path,931,\\atlas\swcenterimages\TupperPhotos\L2014.0035.416\, 
32,Server Path,932,\\atlas\swcenterimages\TupperPhotos\L2014.0035.477\, 
32,Server Path,933,\\atlas\swcenterimages\TupperPhotos\L2014.0035.486\, 
32,Server Path,934,\\atlas\swcenterimages\TupperPhotos\L2014.0035.492\, 
32,Server Path,935,\\atlas\swcenterimages\TupperPhotos\L2014.0035.508\, 
32,Server Path,936,\\atlas\swcenterimages\TupperPhotos\L2014.0035.520\, 
32,Server Path,937,\\atlas\swcenterimages\TupperPhotos\L2014.0035.531\, 
32,Server Path,938,\\atlas\swcenterimages\TupperPhotos\L2014.0035.558\, 
32,Server Path,939,\\atlas\swcenterimages\TupperPhotos\L2014.0035.566\, 
32,Server Path,940,\\atlas\swcenterimages\TupperPhotos\L2014.0035.570\, 
32,Server Path,941,\\atlas\swcenterimages\TupperPhotos\L2014.0035.575\, 
32,Server Path,942,\\atlas\swcenterimages\TupperPhotos\L2014.0035.577-20\, 
32,Server Path,943,\\atlas\swcenterimages\TupperPhotos\L2014.0035.601\, 
32,Server Path,944,\\atlas\swcenterimages\TupperPhotos\L2014.0035.602\, 
32,Server Path,945,\\atlas\swcenterimages\TupperPhotos\L2014.0035.603\, 
32,Server Path,946,\\atlas\swcenterimages\TupperPhotos\L2014.0035.605\, 
32,Server Path,947,\\atlas\swcenterimages\TupperPhotos\L2014.0035.613\, 
32,Server Path,948,\\atlas\swcenterimages\TupperPhotos\L2014.0035.624\, 
32,Server Path,949,\\atlas\swcenterimages\TupperPhotos\L2014.0035.632\, 
32,Server Path,950,\\atlas\swcenterimages\TupperPhotos\L2014.0035.633\, 
32,Server Path,951,\\atlas\swcenterimages\TupperPhotos\L2014.0035.638\, 
32,Server Path,952,\\atlas\swcenterimages\TupperPhotos\L2014.0035.648\, 
32,Server Path,953,\\atlas\swcenterimages\TupperPhotos\L2014.0035.649\, 
32,Server Path,954,\\atlas\swcenterimages\TupperPhotos\L2014.0035.651\, 
32,Server Path,955,\\atlas\swcenterimages\TupperPhotos\L2014.0035.655\, 
32,Server Path,956,\\atlas\swcenterimages\TupperPhotos\L2014.0035.657\, 
32,Server Path,957,\\atlas\swcenterimages\TupperPhotos\L2014.0035.668\, 
32,Server Path,958,\\atlas\swcenterimages\TupperPhotos\L2014.0035.670\, 
32,Server Path,959,\\atlas\swcenterimages\TupperPhotos\L2014.0035.702\, 
32,Server Path,960,\\atlas\swcenterimages\TupperPhotos\L2014.0035.703\, 
32,Server Path,961,\\atlas\swcenterimages\TupperPhotos\L2014.0035.705\, 
32,Server Path,962,\\atlas\swcenterimages\TupperPhotos\L2014.0035.706\, 
32,Server Path,963,\\atlas\swcenterimages\TupperPhotos\L2014.0035.722\, 
32,Server Path,964,\\atlas\swcenterimages\TupperPhotos\L2014.0035.729\, 
32,Server Path,965,\\atlas\swcenterimages\TupperPhotos\L2014.0035.730\, 
32,Server Path,966,\\atlas\swcenterimages\TupperPhotos\L2014.0035.735\, 
32,Server Path,967,\\atlas\swcenterimages\TupperPhotos\L2014.0035.736\, 
32,Server Path,968,\\atlas\swcenterimages\TupperPhotos\L2014.0035.900\, 
32,Server Path,969,\\atlas\swcenterimages\TupperPhotos\L2014.0035.901\, 
32,Server Path,970,\\atlas\swcenterimages\TupperPhotos\L2014.0035.902\, 
32,Server Path,971,\\atlas\swcenterimages\TupperPhotos\L2014.0035.903\, 
32,Server Path,972,\\atlas\swcenterimages\TupperPhotos\L2014.0035.904\, 
32,Server Path,973,\\atlas\swcenterimages\TupperPhotos\L2014.0035.905\, 
32,Server Path,974,\\atlas\swcenterimages\TupperPhotos\L2014.0035.906\, 
32,Server Path,975,\\atlas\swcenterimages\TupperPhotos\L2014.0035.907\, 
32,Server Path,976,\\atlas\swcenterimages\TupperPhotos\L2014.0035.908\, 
32,Server Path,977,\\atlas\swcenterimages\TupperPhotos\L2014.0035.909\, 
32,Server Path,978,\\atlas\swcenterimages\TupperPhotos\L2014.0035.910\, 
32,Server Path,979,\\atlas\swcenterimages\TupperPhotos\L2014.0035.911\, 
32,Server Path,980,\\atlas\swcenterimages\TupperPhotos\L2014.0035.912\, 
32,Server Path,981,\\atlas\swcenterimages\TupperPhotos\L2014.0035.913\, 
32,Server Path,982,\\atlas\swcenterimages\TupperPhotos\L2014.0035.914\, 
32,Server Path,983,\\atlas\swcenterimages\TupperPhotos\L2014.0035.915\, 
32,Server Path,984,\\atlas\swcenterimages\TupperPhotos\L2014.0035.916\, 
32,Server Path,985,\\atlas\swcenterimages\TupperPhotos\L2014.0035.917\, 
32,Server Path,986,\\atlas\swcenterimages\TupperPhotos\L2014.0035.918\, 
32,Server Path,987,\\atlas\swcenterimages\TupperPhotos\L2014.0035.919\, 
32,Server Path,988,\\atlas\swcenterimages\TupperPhotos\L2014.0035.920\, 
32,Server Path,989,\\atlas\swcenterimages\TupperPhotos\L2014.0035.921\, 
32,Server Path,990,\\atlas\swcenterimages\TupperPhotos\L2014.0035.922\, 
32,Server Path,991,\\atlas\swcenterimages\TupperPhotos\L2014.0035.923\, 
32,Server Path,992,\\atlas\swcenterimages\TupperPhotos\L2014.0035.924\, 
32,Server Path,993,\\atlas\swcenterimages\TupperPhotos\L2014.0035.925\, 
32,Server Path,994,\\atlas\swcenterimages\TupperPhotos\L2014.0035.926\, 
32,Server Path,995,\\atlas\swcenterimages\TupperPhotos\L2014.0035.927\, 
32,Server Path,996,\\atlas\swcenterimages\TupperPhotos\L2014.0035.210\, 
32,Server Path,997,\\atlas\swcenterimages\TupperPhotos\L2014.0035.395\, 
32,Server Path,1250,\\atlas\swcenterimages\ItemImages\1980-1989\1982\, 
32,Server Path,1263,\\atlas\swcenterimages\ItemImages\2014\2014.064_Webber\, 
32,Server Path,1270,\\atlas\swcenterimages\ItemImages\2019\2019.062_processed\Mgmt_JPGs\, 
32,Server Path,1274,\\atlas\swcenterimages\ItemImages\2020\2020.007\Mgmt_JPGs\, 
32,Server Path,1291,\\nebula.srv.fortlewis.edu\swcenterimages\ItemImages\2007\2007.121\, 
32,Server Path,1271,\\atlas\swcenterimages\ItemImages\2018\2018.007\Mgmt_JPGs\, 
32,Server Path,1276,\\nebula.srv.fortlewis.edu\swcenterimages\ItemImages\2019\2019.041\, 
32,Server Path,1304,\\nebula.srv.fortlewis.edu\swcenterimages\ItemImages\2016\2016.012\, 
32,Server Path,1308,\\nebula.srv.fortlewis.edu\swcenterimages\ItemImages\2014\2014.066_Towner\, 
32,Server Path,1310,\\nebula.srv.fortlewis.edu\swcenterimages\ItemImages\2014\2014.085_Webber\, 
32,Server Path,1311,\\nebula.srv.fortlewis.edu\swcenterimages\ItemImages\2014\2014.093_KDUR\, 
32,Server Path,1312,\\nebula.srv.fortlewis.edu\swcenterimages\ItemImages\2014\2014.101_MusicDepartment\, 
32,Server Path,1313,\\nebula.srv.fortlewis.edu\swcenterimages\ItemImages\1958-1969\1963_baskets\, 
32,Server Path,1275,\\nebula.srv.fortlewis.edu\swcenterimages\ItemImages\2019\L2019.0004_processed\Mgmt_JPGs\, 
32,Server Path,1277,\\nebula.srv.fortlewis.edu\swcenterimages\ItemImages\1970-1979\1971.02021\, 
32,Server Path,1305,\\nebula.srv.fortlewis.edu\swcenterimages\ItemImages\2016\2016.044\, 
32,Server Path,1307,\\nebula.srv.fortlewis.edu\swcenterimages\ItemImages\2020\2020.011\Mgmt_JPGs\, 
32,Server Path,1314,\\nebula.srv.fortlewis.edu\swcenterimages\ItemImages\1958-1969\1964_baskets\, 
32,Server Path,1315,\\nebula.srv.fortlewis.edu\swcenterimages\ItemImages\1958-1969\1965.19006\, 
32,Server Path,1316,\\nebula.srv.fortlewis.edu\swcenterimages\ItemImages\1958-1969\1965_baskets\, 
32,Server Path,1317,\\nebula.srv.fortlewis.edu\swcenterimages\ItemImages\1958-1969\1967_baskets\, 
32,Server Path,1278,\\nebula.srv.fortlewis.edu\swcenterimages\ItemImages\1970-1979\1973.06005\, 
32,Server Path,1306,\\nebula.srv.fortlewis.edu\swcenterimages\ItemImages\2017\2017.056\, 
32,Server Path,1279,\\nebula.srv.fortlewis.edu\swcenterimages\ItemImages\1980-1989\1988.12002\, 
32,Server Path,1280,\\nebula.srv.fortlewis.edu\swcenterimages\ItemImages\1980-1989\1989.012\, 
32,Server Path,1281,\\nebula.srv.fortlewis.edu\swcenterimages\ItemImages\1980-1989\1989.12003\, 
32,Server Path,1282,\\nebula.srv.fortlewis.edu\swcenterimages\ItemImages\1980-1989\1989.12007\, 
32,Server Path,1283,\\nebula.srv.fortlewis.edu\swcenterimages\ItemImages\1990-1999\1992.09005-09006\, 
32,Server Path,1284,\\nebula.srv.fortlewis.edu\swcenterimages\ItemImages\2007\2007.046\, 
32,Server Path,1285,\\nebula.srv.fortlewis.edu\swcenterimages\ItemImages\2007\2007.052\, 
32,Server Path,1296,\\nebula.srv.fortlewis.edu\swcenterimages\ItemImages\2009\2009.007\, 
32,Server Path,732,\\nebula.srv.fortlewis.edu\swcenterimages\ItemImages\2015-\2015.008_Spenser\, 
32,Server Path,1319,\\nebula.srv.fortlewis.edu\swcenterimages\ItemImages\1970-1979\1970.01\, 
32,Server Path,1321,\\nebula.srv.fortlewis.edu\swcenterimages\ItemImages\1970-1979\1970_baskets\, 
32,Server Path,1322,\\nebula.srv.fortlewis.edu\swcenterimages\ItemImages\2000-\2000.10010\, 
32,Server Path,1323,\\nebula.srv.fortlewis.edu\swcenterimages\ItemImages\1970-1979\1971_baskets\, 
32,Server Path,1324,\\nebula.srv.fortlewis.edu\swcenterimages\ItemImages\1970-1979\1976.01022\, 
32,Server Path,1326,\\nebula.srv.fortlewis.edu\swcenterimages\ItemImages\1980-1989\1988.06004\, 
32,Server Path,1327,\\nebula.srv.fortlewis.edu\swcenterimages\ItemImages\1980-1989\1988.09001\, 
32,Server Path,1320,\\nebula.srv.fortlewis.edu\swcenterimages\ItemImages\1970-1979\1970.02_Lewis\, 
32,Server Path,1325,\\nebula.srv.fortlewis.edu\swcenterimages\ItemImages\1980-1989\1988.11004_Accession\, 
32,Server Path,1328,\\nebula.srv.fortlewis.edu\swcenterimages\ItemImages\1990-1999\1991.12007\, 
32,Server Path,1329,\\nebula.srv.fortlewis.edu\swcenterimages\ItemImages\1990-1999\1992.07008\, 
32,Server Path,1330,\\nebula.srv.fortlewis.edu\swcenterimages\ItemImages\1990-1999\1992.07011\, 
32,Server Path,1331,\\nebula.srv.fortlewis.edu\swcenterimages\ItemImages\1990-1999\1992_baskets\, 
32,Server Path,1332,\\nebula.srv.fortlewis.edu\swcenterimages\ItemImages\1990-1999\1993.03014\, 
32,Server Path,1333,\\nebula.srv.fortlewis.edu\swcenterimages\ItemImages\1990-1999\1993.06015\, 
32,Server Path,1334,\\nebula.srv.fortlewis.edu\swcenterimages\ItemImages\1990-1999\1995.09001\, 
32,Server Path,1335,\\nebula.srv.fortlewis.edu\swcenterimages\ItemImages\1990-1999\1999.07008\, 
32,Server Path,1336,\\nebula.srv.fortlewis.edu\swcenterimages\ItemImages\2002\2002.03\, 
32,Server Path,1337,\\nebula.srv.fortlewis.edu\swcenterimages\ItemImages\2004\2004.12004\, 
32,Server Path,1338,\\nebula.srv.fortlewis.edu\swcenterimages\ItemImages\2006\2006.094_Purchase\, 
32,Server Path,1339,\\nebula.srv.fortlewis.edu\swcenterimages\ItemImages\2005\2005.03019\, 
32,Server Path,1340,\\nebula.srv.fortlewis.edu\swcenterimages\ItemImages\2006\2006.064\, 
32,Server Path,1341,\\nebula.srv.fortlewis.edu\swcenterimages\ItemImages\2007\2007.040\CollMgmt_JPGs\, 
32,Server Path,1342,\\nebula.srv.fortlewis.edu\swcenterimages\ItemImages\2007\2007.099\, 
32,Server Path,1343,\\nebula.srv.fortlewis.edu\swcenterimages\ItemImages\2007\2007.125\, 
32,Server Path,1344,\\nebula.srv.fortlewis.edu\swcenterimages\ItemImages\2009\2009.012\, 
32,Server Path,1345,\\nebula.srv.fortlewis.edu\swcenterimages\ItemImages\2010-\2010.065_Coolbaugh\, 
32,Server Path,1346,\\nebula.srv.fortlewis.edu\swcenterimages\ItemImages\2010-\2010.088\, 
32,Server Path,1347,\\nebula.srv.fortlewis.edu\swcenterimages\ItemImages\2012\2012.048_Hensler\CollMgmt_JPGs\, 
32,Server Path,1349,\\nebula.srv.fortlewis.edu\swcenterimages\ItemImages\2020\2020.015_Unprocessed\CollMgmt_JPG\, 
32,Server Path,1350,\\nebula.srv.fortlewis.edu\swcenterimages\ItemImages\2015-\2015.018_WebberPurchase\, 
32,Server Path,1351,\\nebula.srv.fortlewis.edu\swcenterimages\ItemImages\2015-\2015.020_Mead\, 
32,Server Path,1352,\\nebula.srv.fortlewis.edu\swcenterimages\ItemImages\2015-\2015.021_Transfer\, 
32,Server Path,1353,\\nebula.srv.fortlewis.edu\swcenterimages\ItemImages\2015-\2015.022_Purchase\, 
32,Server Path,1354,\\nebula.srv.fortlewis.edu\swcenterimages\ItemImages\2015-\2015.031_McDaniel\, 
32,Server Path,1355,\\nebula.srv.fortlewis.edu\swcenterimages\ItemImages\2015-\2015.032_Wiseman\, 
32,Server Path,1357,\\nebula.srv.fortlewis.edu\swcenterimages\ItemImages\2015-\2015.037_Hensler\, 
32,Server Path,1358,\\nebula.srv.fortlewis.edu\swcenterimages\ItemImages\2015-\2015.039_Webber\, 
32,Server Path,1363,\\nebula.srv.fortlewis.edu\swcenterimages\ItemImages\2015-\2015.049_Purchase\, 
32,Server Path,1356,\\nebula.srv.fortlewis.edu\swcenterimages\ItemImages\2015-\2015.035_Schaaf\, 
32,Server Path,1359,\\nebula.srv.fortlewis.edu\swcenterimages\ItemImages\2015-\2015.040_Scheberle\, 
32,Server Path,1364,\\nebula.srv.fortlewis.edu\swcenterimages\ItemImages\2015-\2015.050_Purchase\, 
32,Server Path,1365,\\nebula.srv.fortlewis.edu\swcenterimages\ItemImages\2015-\2015.051_Purchase\, 
32,Server Path,1366,\\nebula.srv.fortlewis.edu\swcenterimages\ItemImages\2015-\2015.052_Purchase\, 
32,Server Path,1367,\\nebula.srv.fortlewis.edu\swcenterimages\ItemImages\2015-\2015.053_Purchase\, 
32,Server Path,1368,\\nebula.srv.fortlewis.edu\swcenterimages\ItemImages\2015-\2015.054_Purchase\, 
32,Server Path,1369,\\nebula.srv.fortlewis.edu\swcenterimages\ItemImages\2015-\2015.055_Purchase\, 
32,Server Path,1360,\\nebula.srv.fortlewis.edu\swcenterimages\ItemImages\2015-\2015.041_PhysicalPlant\, 
32,Server Path,1370,\\nebula.srv.fortlewis.edu\swcenterimages\ItemImages\2015-\2015.056_Purchase\, 
32,Server Path,1372,\\nebula.srv.fortlewis.edu\swcenterimages\ItemImages\2015-\2015.011\CollMgmt_JPGs\, 
32,Server Path,1373,\\nebula.srv.fortlewis.edu\swcenterimages\ItemImages\2016\2016.002\, 
32,Server Path,1374,\\nebula.srv.fortlewis.edu\swcenterimages\ItemImages\2016\2016.006\, 
32,Server Path,1375,\\nebula.srv.fortlewis.edu\swcenterimages\ItemImages\2016\2016.016\, 
32,Server Path,1376,\\nebula.srv.fortlewis.edu\swcenterimages\ItemImages\2016\2016.017\, 
32,Server Path,1361,\\nebula.srv.fortlewis.edu\swcenterimages\ItemImages\2015-\2015.047_McDaniel\, 
32,Server Path,1362,\\nebula.srv.fortlewis.edu\swcenterimages\ItemImages\2015-\2015.048_Levingston\, 
32,Server Path,1377,\\nebula.srv.fortlewis.edu\swcenterimages\ItemImages\2020\2020.020\CollMgmt_JPGs\, 
32,Server Path,1378,\\nebula.srv.fortlewis.edu\SWCenterImages\ItemImages\2021\2021.020\Mgmt_JPGs, 
32,Server Path,1,\\atlas\swcenterimages\ItemImages\1958-1969\1960_1969_Homer Root\, 
32,Server Path,1121,\\atlas\swcenterimages\ItemImages\2016\2016.009.Hanley\, 
32,Server Path,1127,\\atlas\swcenterimages\CollectionTiffs\M124\HR Catalog Card Scans\, 
32,Server Path,1134,\\atlas\swcenterimages\ItemImages\2001\2001_12010_McClain_Bergfield\, 
32,Server Path,1135,\\atlas\swcenterimages\ItemImages\2008-\2008.055_Fearing\, 
32,Server Path,1136,\\atlas\swcenterimages\ItemImages\1958-1969\1960_1969_Homer Root\, 
32,Server Path,1137,Y:\Curator\Patrick\McLain\McCain_kathrine\McLain_Katherine\, 
32,Server Path,1138,Y:\ItemImages\1970-1979\1978_01048_Kenneth Baxtrom\, 
32,Server Path,1139,Y:\ItemImages\1980-1989\1983.02.003_Helen Thatcher White\, 
32,Server Path,1140,Y:\ItemImages\2014\2014.020_TempleCornelius\, 
32,Server Path,1145,\\atlas\swcenterimages\ItemImages\2007\2007.123\, 
32,Server Path,1200,\\atlas\swcenterimages\ItemDocs\2019_DoNotMove\, 
32,Server Path,1226,\\atlas\swcenterimages\ItemImages\2019\2019.037\CollMgmt_JPGs\, 
32,Server Path,1227,\\atlas\swcenterimages\ItemImages\2019\2019.037_CONT\CollMgmt_JPGs\, 
32,Server Path,1228,\\atlas\swcenterimages\ItemImages\2019\Summer2019\CollMgmt_JPGs\, 
32,Server Path,1230,\\atlas\swcenterimages\ItemImages\2019\2019.006\CollMgmt_JPGs\, 
32,Server Path,1231,\\atlas\swcenterimages\ItemImages\2019\2019.025\, 
32,Server Path,1232,\\atlas\swcenterimages\ItemImages\2019\2019.012\CollMgmt_JPGs\, 
32,Server Path,1233,\\atlas\swcenterimages\ItemImages\2019\2019.011\CollMgmt_JPGs\, 
32,Server Path,1234,\\atlas\swcenterimages\ItemImages\2019\2019.004\CollMgmt_JPGs\, 
32,Server Path,1235,\\atlas\swcenterimages\ItemImages\2019\2019.003\CollMgmt_JPGs\, 
32,Server Path,1236,\\atlas\swcenterimages\ItemImages\2018\2018.046\CollMgmt_JPGs\, 
32,Server Path,1237,\\atlas\swcenterimages\ItemImages\2018\2018.045\CollMgmt_JPGs\, 
32,Server Path,1238,\\atlas\swcenterimages\ItemImages\2018\2018.044\CollMgmt_JPGs\, 
32,Server Path,1239,\\atlas\swcenterimages\ItemImages\2018\2018.037\CollMgmt_JPGs\, 
32,Server Path,1240,\\atlas\swcenterimages\ItemImages\2018\2018.027\CollMgmt_JPGs\, 
32,Server Path,1241,\\atlas\swcenterimages\ItemImages\2018\2018.026\CollMgmt_JPGs\, 
32,Server Path,1242,\\atlas\swcenterimages\ItemImages\2018\2018.021\CollMgmt_JPGs\, 
32,Server Path,1243,\\atlas\swcenterimages\ItemImages\2018\2018.022\CollMgmt_JPGs\, 
32,Server Path,1244,\\atlas\swcenterimages\ItemImages\2019\2019.030\ColMgmt_JPGs\, 
32,Server Path,1245,\\atlas\swcenterimages\ItemImages\2019\2019.045_processed\CollMgmt_JPGs\, 
32,Server Path,1286,\\nebula.srv.fortlewis.edu\swcenterimages\ItemImages\2007\2007.064\, 
32,Server Path,1287,\\nebula.srv.fortlewis.edu\swcenterimages\ItemImages\2007\2007.066\, 
32,Server Path,1288,\\nebula.srv.fortlewis.edu\swcenterimages\ItemImages\2007\2007.077\, 
32,Server Path,1289,\\nebula.srv.fortlewis.edu\swcenterimages\ItemImages\2007\2007.089\, 
32,Server Path,1290,\\nebula.srv.fortlewis.edu\swcenterimages\ItemImages\2007\2007.107\, 
32,Server Path,1292,\\nebula.srv.fortlewis.edu\swcenterimages\ItemImages\2008-\2008.012\, 
32,Server Path,1293,\\nebula.srv.fortlewis.edu\swcenterimages\ItemImages\2008-\2008.072\, 
32,Server Path,1294,\\nebula.srv.fortlewis.edu\swcenterimages\ItemImages\2009\2009.001\, 
32,Server Path,1295,\\nebula.srv.fortlewis.edu\swcenterimages\ItemImages\2009\2009.006\, 
32,Server Path,1247,\\atlas\swcenterimages\ItemImages\2019\2019.048_processed\CollMgmt_JPGs\, 
32,Server Path,1297,\\nebula.srv.fortlewis.edu\swcenterimages\ItemImages\2009\2009.008\, 
32,Server Path,1298,\\nebula.srv.fortlewis.edu\swcenterimages\ItemImages\2012\2012.060\, 
32,Server Path,1299,\\nebula.srv.fortlewis.edu\swcenterimages\ItemImages\2010-\2010.076\, 
32,Server Path,1300,\\nebula.srv.fortlewis.edu\swcenterimages\ItemImages\2010-\2010.085\, 
32,Server Path,1301,\\nebula.srv.fortlewis.edu\swcenterimages\ItemImages\2013\2013.014_Hensler\, 
32,Server Path,1302,\\nebula.srv.fortlewis.edu\swcenterimages\ItemImages\2013\2013.047_Hensler\, 
32,Server Path,1303,\\nebula.srv.fortlewis.edu\swcenterimages\ItemImages\2015-\2015.012\, 
32,Server Path,1309,\\nebula.srv.fortlewis.edu\swcenterimages\ItemImages\2014\2014.067\, 
32,Server Path,1318,\\nebula.srv.fortlewis.edu\swcenterimages\ItemImages\1958-1969\1968.04\, 
32,Server Path,1251,\\atlas\swcenterimages\ItemImages\2007\2007.040\CollMgmt_JPGs\, 
32,Server Path,1371,\\nebula.srv.fortlewis.edu\swcenterimages\ItemImages\2015-\2015.057_Purchase\, 
32,Server Path,1380,\\nebula.srv.fortlewis.edu\SWCenterImages\ItemImages\2012\2012.066_Zigler\, 
32,Server Path,1252,\\atlas\swcenterimages\ItemImages\2006\2006.134\CollMgmt_JPGs\, 
32,Server Path,1253,\\atlas\swcenterimages\ItemImages\2006\2006.002\CollMgmt_JPGs\, 
32,Server Path,1254,\\atlas\swcenterimages\ItemImages\2006\2006.033\CollMgmt_JPGs\, 
32,Server Path,1255,\\atlas\swcenterimages\ItemImages\Inv\INV19\CollMgmt_JPGs\, 
32,Server Path,1257,\\atlas\swcenterimages\ItemImages\1990-1999\1998.01013\, 
32,Server Path,1246,\\atlas\swcenterimages\ItemImages\2019\2019.047_processed\CollMgmt_JPGs\, 
32,Server Path,1248,\\atlas\swcenterimages\ItemImages\2015-\2015.079_Purgatory\CollMgmt_JPGs\, 
32,Server Path,1256,\\atlas\swcenterimages\ItemImages\2001\2001.03008\CollMgmt_JPGs\, 
32,Server Path,1258,\\atlas\swcenterimages\ItemImages\1958-1969\1964.01110\, 
32,Server Path,1259,\\atlas\swcenterimages\ItemImages\2014\2014.045_Bowra\, 
32,Server Path,1260,\\atlas\swcenterimages\ItemImages\2014\2014.048_Hensler\, 
32,Server Path,1261,\\atlas\swcenterimages\ItemImages\2014\2014.057_Haskin\, 
32,Server Path,1264,\\atlas\swcenterimages\ItemImages\2019\2019.066\, 
32,Server Path,1249,\\atlas\swcenterimages\ItemImages\2008-\2008.084\CollMgmt_JPGs\, 
32,Server Path,1262,\\atlas\swcenterimages\ItemImages\2014\2014.063_Hensler\, 
32,Server Path,1265,\\atlas\swcenterimages\ItemImages\2019\2019.068\CollMgmt_JPGs\, 
32,Server Path,1266,\\atlas\swcenterimages\ItemImages\2019\2019.069\CollMgmt_JPGs\, 
32,Server Path,1269,\\atlas\swcenterimages\ItemImages\2019\L2019.0004_processed\Mgmt_JPGs\, 
32,Server Path,1268,\\atlas\swcenterimages\ItemImages\2020\2020.002_Caroline_Tuppers_Ceramic Collection_Group_7\CollMgmt_JPGs\, 
32,Server Path,1272,\\atlas\swcenterimages\ItemImages\Deacessioned_2019\deaccession_processed\Mgmt_JPGs\, 
32,Server Path,1273,\\atlas\swcenterimages\ItemImages\2020\2020.006\Mgmt_JPGs\, 
33,Creator Type,727,Company,***
33,Creator Type,389,"Compiler, person",com
33,Creator Type,388,"Photographer, corporate (added entry)",pht
33,Creator Type,387,"Photographer, corporate",pht
33,Creator Type,386,"Photographer, person (added entry)",pht
33,Creator Type,385,"Photographer, person",pht
33,Creator Type,337,"Artist, person",art
33,Creator Type,332,Conference,***
33,Creator Type,330,"Compiler, person (added entry)",com
33,Creator Type,581,Municipality,***
33,Creator Type,580,Organization,***
33,Creator Type,549,"Publisher, personal (added entry)",pbl
33,Creator Type,461,"Producer, person (added entry)",pro
33,Creator Type,460,"Producer, corporate (added entry)",pro
33,Creator Type,459,"Producer, corporate",pro
33,Creator Type,458,"Editor, person",edt
33,Creator Type,435,"Artist, corporate",art
33,Creator Type,434,"Artist, corporate (added entry)",art
33,Creator Type,433,"Artist, person (added entry)",art
33,Creator Type,431,Cartographer (person) (added entry),ctg
33,Creator Type,430,Cartographer (person),ctg
33,Creator Type,429,Cartographer (corporate) (added entry),ctg
33,Creator Type,428,Cartographer (corporate),ctg
33,Creator Type,427,"Publisher, corporate",pbl
33,Creator Type,396,"Author, person (added entry)",aut
33,Creator Type,395,"Author, corporate (added entry)",aut
33,Creator Type,394,"Author, corporate",aut
33,Creator Type,393,"Author, person",aut
33,Creator Type,392,"Editor, person (added entry)",edt
33,Creator Type,391,"Publisher, corporate (added entry)",pbl
33,Creator Type,390,"Compiler, corporate",com
35,Exhibit Type,642,Unassigned, 
35,Exhibit Type,557,Workshop, 
35,Exhibit Type,406,Project, 
35,Exhibit Type,405,Exhibit, 
35,Exhibit Type,364,Auction, 
35,Exhibit Type,710,Country School Legacy, 
36,Postcard Era,414,Linen, 
36,Postcard Era,415,Photochrome, 
36,Postcard Era,413,Early Divided Back, 
36,Postcard Era,412,Divided Back, 
36,Postcard Era,416,Private Mailing Card, 
36,Postcard Era,417,Real Photo, 
36,Postcard Era,418,Undivided Back, 
36,Postcard Era,419,White Border, 
36,Postcard Era,432,Pioneer, 
38,Disposal Type,585,Deaccessioned, 
38,Disposal Type,633,Destroyed, 
38,Disposal Type,630,Not Located, 
38,Disposal Type,594,Scheduled, 
38,Disposal Type,589,Returned, 
39,Condition Picks,693,Broken, 
39,Condition Picks,691,Folded, 
39,Condition Picks,690,Chipped, 
39,Condition Picks,689,Damaged, 
39,Condition Picks,688,Nicked, 
39,Condition Picks,687,Scratched, 
39,Condition Picks,686,Tarnished, 
39,Condition Picks,603,Plaster Fills, 
39,Condition Picks,602,Reconstructed, 
39,Condition Picks,600,Intact, 
39,Condition Picks,702,Fading, 
39,Condition Picks,701,Discoloration, 
39,Condition Picks,700,Paint Loss, 
39,Condition Picks,699,Ravelled, 
39,Condition Picks,698,Broken wefts, 
39,Condition Picks,697,Broken warps, 
39,Condition Picks,696,Torn, 
39,Condition Picks,695,Fragment, 
39,Condition Picks,694,Missing sections, 
39,Condition Picks,692,Slitting, 
40,Contact Source,614,V_Donor, 
40,Contact Source,278,CswsContacts, 
40,Contact Source,279,Nighthorse Opening DC, 
40,Contact Source,615,Gallery Book, 
41,Treatment,678,Frozen, 
41,Treatment,679,Condition Report, 
41,Treatment,676,Vacuumed, 
41,Treatment,1132,Washed, 
41,Treatment,1133,Repaired, 
41,Treatment,677,Bagged, 
41,Treatment,680,Inspected, 
41,Treatment,681,Framed, 
41,Treatment,682,Exhibit Mount, 
42,ArchSite,1124,ALP12, 
42,ArchSite,1126,, 
43,CityState,1125,"Durango, CO", 
44,Box,1129,2DArtBox001, 
44,Box,1130,2DArtBox002, 
44,Box,1131,2DArtBox003, 
44,Box,1128,2DArtBox004, 
